1,William Britt,96017,Hall@aliquet.us,21310 East Congo Blvd.,Michigan City,North Carolina,05510,1,w0C3i
2,Xantha Simmons,63079,Mallory@imperdiet.edu,66090 East Timor-leste Ln.,Brea,Iowa,62493,2,F
3,Amy Ball,82533,Elaine@odio.gov,6208 West Oman Ln.,Uniontown,Louisiana,75471,3,QeXgyU0P
4,Yael Richards,65691,Bianca@In.gov,46074 North Bulgaria Ln.,Hoover,Georgia,42184,4,WHEwpwt
5,Hamish Carroll,78719,Christopher@Class.com,57873  Qatar Blvd.,DeKalb,District of Columbia,95302,5,s0v9G4
6,Keith Holloway,59208,Laith@venenatis.us,48715 West El Salvador St.,Moraga,South Carolina,69333,6,Sjrl
7,Abra Pace,71946,Evangeline@dignissim.us,44383 West Algeria Ct.,Clairton,Tennessee,17086,7,xdIdjZ
8,Channing Black,91325,Jonas@magnis.gov,56469 North Qatar Blvd.,Rutland,Connecticut,04447,8,UXp2KR
9,Quinn Bonner,75096,Kaitlin@vestibulum.edu,10165 East Central African Republic Ave.,Cohoes,Washington,92093,9,1o3T
10,Lysandra Christian,81644,Merritt@eros.org,69129 South Burkina Faso Way,Yakima,Wyoming,80041,10,xtF4dMt
